{"train_reward_lst": [23.0, 10.0, 11.0, 31.0, 38.0, 14.0, 11.0], "eval_reward_mean_lst": [9.6, 9.8, 9.4, 9.2, 9.2, 9.4, 9.2], "eval_reward_var_lst": [0.6399999999999999, 0.15999999999999998, 0.6399999999999999, 0.15999999999999998, 0.16, 0.24000000000000005, 0.5599999999999999]}